28 Dic.;;0;0;0;0;0;;0;0;;0;;0;1;0;;0;;0;0;0;;0;;;0;1;0;;0;0;;0;0;0;0;0;0;0;0;0;;0;0;;0;0;0;2;1;
29 Dic.;;0;0;0;0;0;;0;0;;0;;0;0;0;;0;;0;0;0;;0;;;0;0;0;;1;0;;0;0;0;1;0;0;0;0;0;;0;0;;0;0;0;2;1;
30 Dic.;;0;0;0;0;0;;0;0;;0;;0;0;1;;0;;0;0;0;;0;;;0;0;0;;1;0;;0;0;0;0;0;0;0;0;0;;0;0;;0;0;0;2;0;
31 Dic.;;0;0;0;0;0;;0;0;;0;;0;0;0;;0;;0;0;0;;0;;;0;0;0;;0;0;;0;0;0;0;0;0;0;0;0;;0;0;;0;0;0;0;0;
1   Ene.;;0;0;0;0;0;;0;0;;0;;0;0;0;;0;;0;0;0;;0;;;0;0;0;;0;0;;0;0;0;0;0;0;0;0;0;;0;0;;0;0;0;0;0;
2   Ene.;;0;0;0;0;0;;0;0;;0;;0;0;0;;0;;0;0;0;;0;;;0;0;0;;0;0;;0;0;0;0;0;0;0;0;0;;0;0;;0;0;0;0;0;
3   Ene.;;0;0;0;0;0;;0;0;;0;;0;0;0;;0;;0;0;0;;0;;;0;0;0;;0;0;;0;0;0;0;0;0;0;0;0;;0;0;;0;0;0;0;0;
4   Ene.;;0;0;0;0;0;;0;0;;0;;0;1;0;;0;;0;0;0;;0;;;0;0;0;;3;0;;0;0;0;0;0;1;0;0;0;;0;0;;0;0;0;5;1;
5   Ene.;;0;0;0;0;0;;0;0;;0;;0;0;0;;0;;0;0;0;;0;;;0;0;0;;1;0;;0;0;0;0;0;0;0;0;0;;0;0;;0;0;0;1;1;
6   Ene.;;0;0;0;0;0;;0;0;;0;;0;1;1;;0;;0;0;0;;0;;;0;0;0;;0;0;;0;0;0;0;0;0;0;0;0;;0;0;;0;0;0;2;0;
7   Ene.;;0;0;0;0;0;;0;0;;0;;0;0;0;;0;;0;0;1;;0;;;0;0;0;;1;0;;0;0;0;0;0;0;0;0;0;;0;0;;0;0;0;2;0;
8   Ene.;;0;0;0;0;0;;0;0;;0;;0;0;0;;1;;0;0;1;;0;;;0;0;0;;0;0;;0;0;0;0;0;0;0;0;0;;0;0;;0;0;0;2;3;
9   Ene.;;0;0;0;0;0;;0;0;;0;;0;0;0;;0;;0;0;0;;0;;;0;0;0;;0;0;;0;0;0;0;0;0;0;0;0;;0;0;;0;0;0;0;0;
10 Ene.;;0;0;0;0;0;;0;0;;0;;0;0;0;;0;;0;0;0;;0;;;0;0;0;;0;0;;0;0;0;0;0;0;0;0;0;;0;0;;0;0;0;0;0;
11 Ene.;;0;0;0;0;0;;0;0;;0;;0;0;1;;0;;0;0;0;;0;;;0;0;0;;0;0;;0;0;0;0;0;0;0;0;0;;0;0;;0;0;0;1;1;
12 Ene.;;0;0;0;0;0;;0;0;;0;;0;1;0;;0;;0;0;0;;0;;;0;0;0;;6;0;;0;0;0;0;0;0;0;0;0;;0;0;;0;0;0;7;1;
13 Ene.;;0;0;0;0;0;;0;0;;0;;1;1;0;;0;;0;0;0;;0;;;0;0;0;;0;0;;0;0;0;0;0;0;0;0;0;;0;0;;0;0;0;2;0;
14 Ene.;;0;0;0;0;0;;0;0;;0;;0;1;0;;0;;0;0;0;;0;;;0;0;0;;0;0;;1;0;0;0;0;0;0;0;0;;0;0;;0;0;0;2;0;
15 Ene.;;0;0;0;0;0;;0;0;;0;;0;0;5;;0;;0;0;0;;0;;;0;0;0;;1;0;;1;0;0;0;0;0;0;0;0;;0;0;;0;0;0;7;3;
16 Ene.;;0;0;0;0;0;;0;0;;0;;0;0;1;;0;;0;0;0;;0;;;0;0;0;;0;0;;0;0;0;0;0;0;0;0;0;;0;0;;0;0;0;1;0;
17 Ene.;;0;0;0;0;0;;0;0;;0;;0;0;0;;0;;0;0;0;;0;;;0;0;0;;0;0;;0;0;0;0;0;0;0;0;0;;0;0;;0;0;0;0;0;
18 Ene.;;0;0;0;0;0;;0;0;;0;;0;0;5;;0;;0;0;0;;0;;;0;0;0;;1;0;;0;0;0;0;0;0;0;0;0;;0;0;;0;0;0;6;0;
19 Ene.;;0;0;0;0;0;;0;0;;0;;0;1;45;;0;;0;0;0;;0;;;0;1;0;;1;0;;1;0;0;0;0;0;0;0;0;;0;0;;0;0;1;50;1;
20 Ene.;;0;0;0;0;0;;0;0;;0;;0;7;154;;0;;0;0;0;;0;;;0;0;0;;1;0;;0;0;0;1;0;1;0;0;0;;0;0;;0;0;0;164;1;
21 Ene.;;0;0;0;0;0;;0;0;;0;;1;18;84;;0;;0;0;1;;0;;;0;0;0;;1;0;;1;0;0;1;0;0;0;0;0;;0;0;;0;0;0;107;0;
22 Ene.;;0;0;0;0;0;;0;0;;0;;0;2;35;;0;;0;1;1;;0;;;0;0;0;;0;0;;1;0;0;0;0;0;0;0;0;;0;0;;0;0;0;40;0;
23 Ene.;;0;0;0;0;0;;0;0;;0;;0;1;5;;0;;0;0;1;;0;;;0;0;0;;1;0;;0;0;0;0;0;0;0;0;0;;0;0;;0;0;0;8;0;
24 Ene.;;0;0;0;0;0;;0;0;;0;;0;6;4;;0;;0;0;1;;0;;;0;0;0;;1;0;;0;0;0;0;0;0;0;0;0;;0;0;;0;0;0;12;0;
25 Ene.;;0;0;0;0;0;;0;0;;0;;0;0;0;;0;;0;0;0;;0;;;0;0;0;;0;0;;0;0;0;0;0;0;0;0;0;;0;0;;0;0;0;0;0;
26 Ene.;;0;0;0;0;0;;0;0;;0;;0;2;1;;0;;0;0;1;;0;;;0;1;0;;0;0;;0;0;0;0;0;0;0;0;0;;0;0;;0;0;0;5;1;
27 Ene.;;0;0;1;0;0;;0;0;;0;;0;9;80;;0;;0;0;0;;0;;;0;0;0;;1;0;;0;1;0;2;0;0;0;0;0;;0;0;;0;0;0;94;0;
28 Ene.;;0;0;39;0;0;;0;0;;0;;0;47;174;;0;;0;0;14;;0;;;0;0;0;;1;0;;0;0;0;5;0;0;0;0;0;;0;0;;1;0;0;281;3;
29 Ene.;;0;0;10;0;0;;0;0;;0;;0;28;313;;0;;0;0;5;;0;;;0;0;0;;1;0;;0;0;0;2;0;0;0;0;0;;0;0;;1;0;0;360;0;
30 Ene.;;1;0;11;0;0;;0;0;;0;;0;18;67;;0;;0;0;2;;0;;;0;0;0;;1;0;;0;0;0;0;0;0;0;0;0;;0;0;;0;0;0;100;2;
31 Ene.;;1;0;21;0;0;;0;0;;0;;0;25;11;;0;;0;0;4;;0;;;0;0;0;;1;0;;0;0;0;0;0;0;0;0;0;;0;0;;1;0;1;65;1;
1    Feb.;;1;0;26;0;0;;0;0;;0;;0;32;61;;0;;0;0;14;;0;;;0;0;0;;1;0;;1;0;0;5;0;0;0;0;0;;0;0;;14;0;0;155;0;
2   Feb.;;0;0;3;0;0;;0;0;;0;;0;6;35;;0;;0;0;7;;0;;;0;1;0;;0;0;;1;0;0;1;0;1;0;0;0;;0;0;;4;0;0;59;0;
3   Feb.;;0;0;1;0;0;;0;0;;0;;0;5;38;;0;;0;0;5;;0;;;0;0;0;;0;0;;0;0;0;3;5;0;0;0;0;;0;0;;6;0;3;66;0;
4   Feb.;;1;0;32;0;0;;0;0;;0;;0;9;68;;0;;0;0;8;;0;;;0;0;0;;0;0;;5;0;0;1;2;0;0;0;0;;0;0;;19;0;3;148;1;
5   Feb.;;0;0;5;0;0;;0;0;;0;;0;7;68;;0;;0;0;5;;0;;;0;0;0;;3;0;;0;0;0;0;4;0;0;0;1;;0;0;;14;0;1;108;0;
6   Feb.;;0;0;1;0;0;;0;0;;0;;0;0;5;;0;;0;0;2;;0;;;0;0;0;;1;0;;0;0;0;0;3;0;0;0;0;;0;0;;2;0;0;14;0;
7   Feb.;;0;0;2;0;0;;0;0;;0;;0;3;17;;0;;0;0;2;;0;;;0;1;0;;1;0;;0;0;0;1;16;0;0;0;0;;0;0;;4;0;0;47;1;
8   Feb.;;0;0;2;0;0;;0;0;;0;;0;5;47;;0;;0;0;7;;0;;;0;0;0;;0;0;;1;0;0;0;7;0;0;0;0;;0;0;;3;0;1;73;0;
9   Feb.;;0;0;1;0;0;;0;0;;0;;0;1;25;;0;;0;0;2;;0;;;0;0;0;;0;0;;0;0;0;0;11;0;0;0;0;;0;0;;3;0;0;43;0;
10 Feb.;;0;0;36;0;0;;0;0;;0;;0;34;3;;0;;0;1;10;;0;;;0;0;0;;1;0;;20;0;0;4;3;0;0;0;1;;0;0;;1;0;0;114;0;
11 Feb.;;0;0;7;0;0;;0;0;;0;;0;6;297;;0;;0;0;17;;0;;;0;0;0;;1;0;;1;0;0;1;26;0;0;0;0;;0;0;;3;0;1;360;0;
12 Feb.;;0;0;3;0;0;;0;0;;0;;0;1;9;;0;;0;0;2;;0;;;0;0;0;;0;0;;1;0;0;0;8;0;0;0;0;;0;0;;0;0;0;24;0;
13 Feb.;;0;0;7;0;0;;0;0;;0;;0;3;18;;0;;0;0;28;;0;;;0;0;0;;3;0;;1;0;0;0;32;0;0;0;0;;0;0;;0;0;0;92;1;
14 Feb.;;0;0;5;0;0;;0;0;;0;;0;16;106;;0;;0;0;4;;0;;;0;2;0;;1;0;;0;0;0;0;59;0;0;0;1;;0;0;;1;0;0;195;1;
15 Feb.;;0;0;7;0;0;;0;0;;0;;0;6;138;;0;;0;0;37;;0;;;0;1;0;;1;0;;1;0;0;0;24;0;0;0;0;;0;0;;2;0;1;218;2;
16 Feb.;;0;0;4;0;0;;0;0;;0;;0;4;250;;0;;0;0;18;;0;;;0;0;0;;2;0;;0;0;0;3;27;0;0;0;1;;0;0;;1;0;4;314;1;
17 Feb.;;0;0;9;0;0;;0;0;;0;;0;15;533;;0;;0;0;41;;0;;;0;0;0;;2;0;;1;0;0;3;85;0;0;0;3;;0;0;;5;0;6;703;3;
18 Feb.;;0;0;2;0;0;;0;0;;0;;0;2;127;;1;;0;0;21;;0;;;0;0;0;;14;0;;0;0;0;0;14;0;0;0;7;;0;0;;1;0;3;192;0;
19 Feb.;;0;0;5;0;0;;0;0;;0;;1;9;491;;1;;0;0;31;;0;;;0;0;0;;2;0;;0;0;0;1;53;0;0;1;9;;0;0;;1;0;14;619;1;
20 Feb.;;0;0;3;1;0;;0;0;;0;;0;6;306;;1;;0;0;28;;0;;;0;0;0;;2;0;;1;0;0;1;160;1;0;0;6;;0;0;;3;0;18;537;6;
21 Feb.;;0;0;1;0;0;;1;0;;0;;0;0;125;;1;;0;0;14;;0;;;0;2;0;;1;0;;1;0;0;0;55;1;0;0;8;;0;0;;0;0;9;219;3;
22 Feb.;;0;0;3;0;0;;0;0;;0;;0;0;1;;0;;0;0;1;;0;;;0;0;0;;0;0;;0;0;0;0;10;0;0;0;0;;0;0;;0;0;0;15;0;
23 Feb.;;1;0;1;0;0;;0;0;;0;;0;3;243;;0;;0;0;25;;0;;;0;1;0;;2;0;;1;0;0;1;208;0;0;0;2;;0;0;;1;0;11;500;1;
24 Feb.;;1;0;1;0;0;;0;0;;0;;0;3;252;;0;;0;0;30;;0;;;0;0;0;;3;0;;1;0;0;2;168;0;0;0;4;;0;0;;2;0;9;476;5;
25 Feb.;;0;0;8;0;0;;0;0;;0;;0;3;105;;0;;0;0;31;;0;;;0;0;0;;1;0;;14;0;0;1;57;0;0;0;3;;0;0;;1;0;7;231;0;
26 Feb.;;1;0;11;0;0;;0;0;;0;;0;1;30;;1;;0;0;23;;0;;;0;0;0;;2;0;;11;0;0;1;12;0;0;0;2;;0;0;;0;0;0;95;1;
27 Feb.;;1;0;60;0;0;;0;0;;0;;0;2;44;;0;;0;1;18;;0;;;0;0;0;;1;0;;46;0;1;2;7;1;0;0;3;;0;0;;1;0;1;189;1;
28 Feb.;;3;0;15;0;0;;0;0;;0;;0;2;35;;0;;0;0;13;;0;;;0;0;0;;1;0;;7;0;0;3;54;0;0;0;36;;0;0;;1;0;1;171;3;
1 Mar.;;0;0;0;0;0;;0;0;;0;;0;3;53;;1;;0;0;11;;0;;;0;0;0;;1;0;;5;0;0;1;36;0;0;0;4;;0;0;;1;0;1;117;1;
2 Mar.;;0;0;2;0;0;;0;0;;0;;0;4;45;;1;;0;0;16;;0;;;0;0;0;;5;0;;1;0;0;0;38;0;0;0;5;;0;0;;1;0;3;121;1;
3 Mar.;;0;0;0;0;0;;0;0;;0;;0;2;35;;0;;0;0;8;;0;;;0;0;0;;3;0;;1;0;0;0;20;0;0;0;1;;0;0;;0;0;1;71;1;
4 Mar.;;0;0;3;0;0;;1;0;;0;;0;4;45;;1;;0;0;20;;0;;;0;0;0;;5;0;;2;0;0;1;67;1;0;0;1;;0;0;;0;0;3;154;1;
5 Mar.;;1;0;5;0;0;;0;0;;0;;0;1;26;;0;;0;0;17;;0;;;0;0;0;;2;0;;6;1;1;0;28;0;0;0;6;;0;0;;1;0;0;95;1;
6 Mar.;;1;0;1;0;0;;0;0;;0;;0;0;26;;0;;0;0;25;;0;;;0;0;0;;1;0;;5;0;5;0;28;0;0;0;5;;0;0;;0;0;0;97;1;
7 Mar.;;0;0;0;0;0;;1;0;;0;;0;1;43;;1;;0;0;6;;0;;;0;0;0;;2;0;;0;0;1;1;6;0;0;0;0;;0;0;;0;0;3;65;2;
8 Mar.;;1;0;3;0;0;;1;0;;0;;0;1;27;;0;;0;1;7;;0;;;0;0;0;;1;0;;11;1;3;0;7;1;0;0;1;;0;0;;1;0;0;67;1;
9 Mar.;;1;0;3;0;1;;0;0;;0;;0;0;5;;1;;0;1;4;;0;;;0;0;0;;3;0;;3;0;5;0;2;3;0;0;3;;0;0;;0;0;3;38;0;
10 Mar.;;3;0;1;0;0;;1;0;;0;;1;3;111;;0;;0;0;17;;0;;;0;1;0;;4;0;;7;0;1;3;103;0;0;0;14;;0;0;;1;0;3;274;1;
11 Mar.;;3;0;1;0;0;;0;0;;0;;1;0;48;;0;;0;0;6;;0;;;0;0;0;;3;0;;8;0;3;1;28;0;0;0;11;;0;0;;1;0;1;115;1;
12 Mar.;;1;0;2;0;1;;1;0;;0;;0;1;20;;0;;1;3;16;;0;;;0;0;0;;2;0;;10;0;17;1;8;3;0;1;4;;0;0;;0;0;1;93;3;
13 Mar.;;0;0;3;0;0;;1;0;;0;;0;2;17;;0;;1;3;14;;0;;;0;0;0;;3;0;;16;0;18;2;21;1;0;0;1;;0;0;;1;0;1;105;0;
14 Mar.;;1;0;0;0;1;;0;0;;0;;0;0;3;;0;;0;0;1;;0;;;0;0;0;;1;0;;1;0;0;1;2;0;0;0;1;;0;0;;0;0;0;12;0;
15 Mar.;;1;0;1;0;0;;0;0;;0;;0;0;1;;0;;0;0;9;;0;;;0;0;0;;0;0;;0;0;3;0;3;1;0;0;0;;0;0;;0;0;0;19;0;
16 Mar.;;2;0;1;0;0;;0;0;;0;;0;1;2;;0;;0;0;5;;0;;;0;0;0;;1;0;;1;1;3;1;0;0;0;0;0;;0;0;;1;0;0;19;0;
17 Mar.;;2;0;3;0;0;;0;0;;0;;0;0;9;;0;;0;0;17;;0;;;0;0;0;;1;0;;15;1;21;2;4;3;0;0;5;;0;0;;0;0;0;83;1;
18 Mar.;;1;0;1;0;0;;0;0;;0;;0;1;10;;0;;0;0;4;;0;;;0;0;0;;0;0;;4;0;6;0;3;3;0;0;1;;0;0;;0;0;1;35;1;
19 Mar.;;0;0;1;0;0;;0;0;;0;;0;0;2;;0;;0;0;2;;0;;;0;0;0;;1;0;;1;0;2;0;2;4;0;0;1;;0;0;;0;0;0;16;0;
20 Mar.;;1;0;1;0;0;;0;0;;0;;0;0;1;;0;;0;0;7;;0;;;0;0;0;;1;0;;1;0;5;1;3;0;0;1;3;;0;0;;1;0;1;27;0;
21 Mar.;;0;0;0;0;0;;0;0;;0;;0;0;0;;0;;0;0;1;;0;;;0;0;0;;0;0;;0;0;1;2;0;0;0;0;1;;0;0;;0;0;0;5;1;
22 Mar.;;2;0;1;0;1;;0;0;;0;;1;0;1;;0;;0;0;3;;0;;;0;0;0;;1;0;;5;1;17;0;4;5;0;1;1;;0;0;;0;0;0;44;0;
23 Mar.;;1;0;0;0;3;;0;0;;0;;0;0;5;;1;;0;0;8;;1;;;0;0;0;;5;0;;3;1;37;2;1;28;0;0;5;;0;0;;0;0;0;101;0;
24 Mar.;;3;0;0;0;5;;1;0;;0;;0;0;131;;0;;0;0;9;;0;;;0;0;0;;3;0;;12;2;56;4;20;33;0;0;3;;0;0;;0;0;0;282;0;
25 Mar.;;1;0;0;0;10;;1;0;;0;;1;0;30;;0;;0;0;23;;3;;;0;0;0;;5;0;;2;1;77;3;19;25;0;1;3;;1;0;;0;0;1;207;1;
26 Mar.;;3;0;1;0;7;;0;0;;0;;0;0;34;;0;;1;0;11;;1;;;0;0;0;;8;0;;9;0;101;5;9;9;0;1;3;;0;0;;1;0;2;206;0;
27 Mar.;;1;0;1;0;3;;1;0;;0;;0;0;3;;0;;1;0;16;;0;;;0;0;0;;3;0;;5;1;87;1;5;8;0;1;3;;0;0;;0;0;0;140;0;
28 Mar.;;2;0;0;0;7;;1;0;;0;;0;0;11;;0;;0;0;29;;0;;;0;0;0;;20;0;;9;1;151;3;14;3;0;0;5;;0;0;;0;0;10;266;1;
29 Mar.;;0;0;0;0;17;;1;0;;0;;0;0;51;;3;;0;0;59;;1;;;0;1;0;;28;0;;35;0;191;4;18;7;0;1;9;;0;0;;0;0;15;441;6;
30 Mar.;;3;0;0;0;15;;0;0;;0;;0;0;11;;3;;0;0;38;;0;;;0;1;0;;22;0;;10;1;155;2;17;6;0;0;5;;0;0;;0;0;14;303;3;
31 Mar.;;1;0;0;0;46;;0;0;;0;;0;0;124;;1;;0;1;70;;0;;;0;0;0;;74;0;;10;1;225;4;11;3;0;0;9;;1;0;;0;0;13;594;1;
1  Abr.;;0;0;0;0;11;;4;0;;0;;0;0;55;;1;;0;0;68;;0;;;0;0;0;;40;0;;2;1;199;5;7;3;0;0;3;;0;0;;0;0;7;406;1;
2  Abr.;;2;0;0;0;51;;1;0;;0;;0;0;55;;1;;1;0;24;;0;;;0;1;0;;20;0;;5;3;268;1;6;63;0;3;5;;0;0;;0;1;9;520;1;
3  Abr.;;1;0;0;0;38;;1;0;;0;;0;0;32;;0;;1;0;9;;0;;;0;0;0;;5;0;;5;0;176;2;5;34;1;0;3;;1;0;;0;0;1;315;1;
4  Abr.;;0;0;0;0;9;;0;0;;0;;0;0;2;;0;;0;0;1;;0;;;0;0;0;;6;0;;5;0;39;1;1;8;0;1;3;;0;0;;1;0;0;77;0;
5  Abr.;;0;0;0;0;3;;1;0;;0;;0;0;0;;0;;0;0;5;;1;;;0;0;0;;5;0;;2;0;68;5;0;3;0;1;0;;0;0;;0;0;1;95;1;
6  Abr.;;0;0;0;0;22;;0;0;;0;;0;0;30;;0;;0;0;6;;0;;;0;0;0;;5;0;;4;2;61;2;3;12;0;0;3;;0;0;;0;0;1;151;1;
7  Abr.;;0;0;1;0;36;;1;0;;0;;1;0;17;;0;;1;0;21;;3;;;0;1;0;;5;0;;8;1;138;6;8;131;0;3;7;;0;0;;0;0;0;389;1;
8  Abr.;;1;0;0;0;24;;1;0;;0;;0;0;31;;3;;0;0;21;;0;;;0;0;0;;41;0;;11;7;373;2;3;171;0;0;4;;0;0;;0;0;6;699;5;
9  Abr.;;0;1;0;0;11;;1;0;;0;;1;0;68;;0;;0;0;15;;1;;;0;1;0;;4;0;;3;0;94;0;3;39;0;1;3;;0;0;;0;0;2;248;1;
10 Abri.;;0;1;0;0;3;;0;0;;0;;0;0;15;;0;;0;0;5;;0;;;0;0;0;;13;0;;1;1;165;1;0;11;0;0;1;;0;0;;0;0;2;219;0;
11 Abri.;;0;0;0;0;2;;1;0;;0;;0;0;9;;0;;0;0;0;;0;;;0;0;0;;0;0;;1;1;15;1;0;2;0;0;1;;0;0;;0;0;0;33;0;
12 Abri.;;0;2;0;0;20;;3;0;;0;;1;0;6;;0;;0;0;2;;4;;;0;0;0;;1;0;;1;4;44;1;0;45;0;2;7;;0;0;;0;0;0;143;1;
13 Abri.;;3;1;0;0;14;;0;0;;0;;1;0;6;;0;;0;0;16;;1;;;0;0;0;;9;0;;3;7;58;3;2;80;0;6;5;;0;0;;0;0;1;216;2;
14 Abri.;;0;1;0;0;31;;1;0;;0;;0;0;9;;0;;0;0;5;;1;;;0;0;0;;8;0;;31;1;112;9;0;151;0;5;7;;1;0;;0;0;1;374;2;
15 Abri.;;0;3;0;0;22;;1;0;;0;;0;0;18;;0;;0;0;5;;1;;;0;0;0;;7;0;;29;3;59;4;2;119;0;4;2;;0;0;;0;0;1;280;0;
16 Abri.;;0;2;0;0;17;;1;0;;0;;0;0;7;;0;;0;0;4;;1;;;0;0;0;;5;1;;12;0;33;1;0;38;0;1;3;;0;0;;0;0;0;126;1;
17 Abri.;;0;0;0;0;22;;0;0;;0;;0;0;2;;0;;0;0;2;;1;;;0;0;0;;5;0;;4;1;21;0;0;32;0;0;1;;0;0;;0;0;0;91;1;
18 Abri.;;0;0;0;0;26;;1;0;;0;;1;0;1;;0;;0;0;2;;0;;;0;0;0;;1;0;;1;1;26;1;0;17;0;1;2;;0;0;;0;0;0;81;0;
19 Abri.;;0;2;0;0;6;;1;0;;0;;0;0;7;;0;;0;1;1;;1;;;0;0;0;;1;0;;2;1;42;5;0;12;0;0;1;;0;0;;0;0;1;84;0;
20 Abri.;;0;0;1;0;9;;3;0;;0;;0;0;46;;0;;0;0;2;;1;;;0;0;0;;5;1;;1;5;53;6;0;41;0;1;1;;0;0;;0;0;0;176;0;
21 Abri.;;0;5;0;0;9;;0;0;;0;;0;0;46;;0;;0;0;1;;0;;;0;1;0;;9;0;;0;3;39;3;1;48;0;0;3;;0;0;;0;0;1;169;2;
22 Abri.;;0;1;0;0;1;;1;0;;0;;0;0;16;;0;;0;0;0;;1;;;0;0;0;;9;0;;1;0;12;3;1;11;0;0;1;;0;0;;0;0;0;58;0;
23 Abri.;;0;1;0;0;3;;1;0;;0;;0;0;58;;0;;1;0;2;;1;;;0;1;0;;10;2;;9;1;21;5;1;43;0;0;5;;0;0;;0;0;5;170;13;
24 Abri.;;1;4;0;0;5;;2;0;;0;;1;0;90;;3;;0;0;3;;1;;;0;0;0;;11;1;;3;1;17;5;1;47;0;0;7;;0;0;;0;0;1;204;8;
25 Abri.;;0;2;0;0;1;;1;0;;0;;0;0;31;;0;;1;0;0;;0;;;0;0;0;;9;11;;5;5;9;2;1;36;0;0;3;;0;0;;0;0;3;120;0;
26 Abri.;;0;2;0;0;3;;0;0;;0;;0;0;3;;0;;0;0;1;;0;;;0;0;0;;2;1;;0;0;5;6;0;11;0;0;0;;0;0;;0;0;2;36;1;
27 Abri.;;0;1;0;0;0;;0;0;;0;;0;0;0;;0;;0;0;0;;0;;;0;0;0;;0;0;;0;0;0;0;0;0;0;0;0;;0;0;;0;0;0;1;0;
28 Abri.;;0;1;0;0;0;;0;0;;0;;0;0;0;;0;;0;0;0;;0;;;0;0;0;;1;0;;0;0;2;1;0;4;0;1;0;;0;0;;0;0;0;10;0;
29 Abri.;;0;0;0;0;0;;0;0;;0;;0;0;0;;0;;0;0;0;;0;;;0;0;0;;0;0;;1;0;1;0;0;6;0;0;0;;0;0;;0;0;1;9;0;
30 Abri.;;0;1;0;0;0;;0;0;;0;;0;0;0;;0;;0;0;0;;0;;;0;0;0;;0;0;;0;1;0;2;0;1;0;0;0;;0;0;;0;0;1;6;1;
1  May.;;0;0;0;0;0;;0;0;;0;;0;0;0;;0;;0;0;0;;0;;;0;0;0;;0;0;;1;0;1;0;0;6;0;0;0;;0;0;;0;0;1;9;0;
2  May.;;0;1;0;0;0;;0;0;;0;;0;0;0;;0;;0;0;0;;0;;;0;0;0;;0;0;;0;1;0;2;0;1;0;0;0;;0;0;;0;0;1;6;1;
3  May.;;1;1;0;0;1;;1;0;;0;;0;0;15;;1;;1;0;0;;1;;;0;0;0;;4;7;;7;1;3;6;0;125;0;1;4;;0;0;;0;0;1;181;7;
4  May.;;0;7;0;0;9;;0;0;;0;;3;0;44;;0;;28;1;0;;2;;;0;0;0;;6;1;;11;9;13;14;0;217;1;4;1;;0;0;;0;0;1;372;2;
5  May.;;0;5;0;0;0;;1;0;;0;;1;0;25;;0;;1;0;0;;1;;;0;0;0;;5;1;;5;6;5;6;0;84;0;5;1;;0;0;;0;0;3;155;3;
6  May.;;0;5;0;0;8;;0;0;;0;;1;0;59;;0;;14;0;0;;1;;;0;1;0;;3;1;;10;7;3;11;0;217;0;3;0;;0;0;;0;0;7;351;1;
7  May.;;1;5;0;0;5;;2;0;;0;;0;0;53;;1;;2;1;1;;5;;;0;0;0;;9;2;;23;9;3;20;0;197;0;3;1;;0;0;;0;0;2;345;1;
8  May.;;2;3;0;0;3;;2;0;;0;;0;0;196;;1;;40;0;1;;3;;;0;0;0;;19;235;;88;31;7;61;0;974;0;7;3;;0;0;;0;0;7;1.683;35;
9  May.;;0;13;0;0;1;;1;0;;0;;1;0;48;;1;;5;0;0;;0;;;0;0;0;;6;74;;25;7;13;20;1;232;0;1;1;;0;0;;0;0;5;455;8;
10 May.;;0;9;0;0;0;;1;0;;0;;1;0;9;;0;;3;0;0;;1;;;0;0;0;;3;6;;15;0;7;8;0;77;0;1;1;;0;0;;0;0;1;143;2;
11 May.;;0;7;0;0;1;;0;0;;0;;0;0;7;;0;;1;0;0;;0;;;0;0;0;;1;8;;24;1;13;16;0;126;0;3;3;;0;0;;0;0;3;214;5;
12 May.;;1;4;0;0;1;;0;0;;0;;0;0;9;;0;;1;0;0;;0;;;0;0;0;;8;6;;8;3;10;7;0;56;0;0;1;;0;0;;0;0;2;117;4;
13 May.;;1;0;0;0;1;;0;0;;0;;0;0;1;;0;;1;0;0;;0;;;0;0;0;;2;1;;6;0;3;0;0;32;0;0;1;;0;0;;0;0;1;50;0;
14 May.;;0;0;0;0;0;;1;0;;0;;0;0;3;;0;;5;0;0;;0;;;0;0;0;;3;0;;20;2;1;16;0;104;0;1;1;;1;0;;0;0;4;162;1;
15 May.;;1;7;0;0;0;;1;0;;0;;0;0;31;;0;;7;0;0;;1;;;1;0;0;;3;22;;25;3;10;32;0;341;1;13;0;;0;0;;0;0;4;503;12;
16 May.;;0;1;0;0;1;;1;0;;0;;0;0;11;;0;;3;0;0;;1;;;0;0;0;;2;0;;3;7;1;5;0;57;0;4;0;;0;0;;0;0;2;99;1;
17 May.;;1;5;0;0;2;;0;0;;0;;1;0;0;;0;;4;1;0;;0;;;0;0;0;;2;1;;27;6;4;16;0;80;0;1;0;;0;0;;0;0;6;157;2;
18 May.;;0;4;0;0;1;;0;0;;0;;0;0;14;;0;;3;0;1;;0;;;1;0;0;;3;1;;18;5;4;20;0;189;1;1;0;;0;0;;0;0;3;269;9;
19 May.;;0;2;0;0;0;;0;0;;0;;1;0;4;;0;;1;0;0;;1;;;0;0;0;;3;0;;13;3;0;6;0;37;0;1;0;;0;0;;0;0;5;77;5;
20 May.;;0;6;0;0;1;;1;0;;0;;0;0;18;;0;;6;1;0;;0;;;0;0;0;;5;1;;31;8;4;41;0;118;0;3;0;;0;0;;0;1;9;254;4;
21 May.;;0;1;0;0;1;;0;0;;0;;0;0;22;;1;;7;0;0;;0;;;3;0;0;;4;5;;34;16;2;18;0;58;1;1;0;;0;0;;0;0;4;178;1;
22 May.;;1;0;0;0;3;;0;0;;0;;1;0;2;;0;;7;0;0;;0;;;1;0;0;;1;0;;5;5;1;3;0;23;0;1;0;;0;0;;0;0;6;60;0;
23 May.;;0;0;0;0;1;;0;0;;0;;0;0;7;;2;;5;0;0;;0;;;0;0;0;;5;13;;55;5;1;69;0;117;0;0;0;;1;0;;0;0;7;288;18;
24 May.;;0;1;0;0;1;;0;0;;0;;0;0;14;;0;;12;0;0;;0;;;0;0;0;;3;0;;21;9;1;28;0;101;0;3;1;;0;0;;0;0;3;198;3;
25 May.;;0;0;0;0;0;;0;1;;0;;1;0;2;;0;;1;0;0;;0;;;1;0;0;;2;0;;5;1;3;5;0;13;0;0;0;;0;0;;0;0;8;43;1;
26 May.;;1;1;0;0;0;;0;1;;0;;0;0;10;;0;;5;0;0;;0;;;0;0;0;;3;5;;17;8;1;39;0;84;0;1;0;;0;0;;0;0;9;185;1;
27 May.;;0;2;0;0;2;;0;3;;0;;1;0;23;;0;;7;0;0;;0;;;2;0;0;;8;3;;36;12;1;59;0;395;1;7;0;;0;0;;0;0;15;577;5;
28 May.;;0;1;0;0;0;;0;0;;0;;1;0;11;;0;;1;0;0;;0;;;3;0;0;;3;115;;38;7;0;26;0;224;0;4;0;;1;0;;0;0;11;446;5;
29 May.;;0;3;0;0;0;;0;1;;0;;0;0;10;;0;;1;0;0;;0;;;0;0;0;;4;10;;13;8;1;38;0;78;0;4;0;;0;0;;0;0;15;186;11;
30 May.;;0;0;0;0;1;;0;0;;0;;0;0;0;;0;;5;0;0;;0;;;0;0;0;;2;3;;5;0;0;16;0;26;0;1;0;;0;0;;0;0;11;70;7;
31 May.;;1;1;0;0;0;;0;1;;0;;0;0;15;;2;;7;0;0;;1;;;14;0;0;;6;45;;68;18;2;78;0;412;0;3;1;;1;0;;0;0;18;694;41;
1 Jun.;;0;0;0;0;0;;0;1;;0;;0;0;4;;0;;1;0;0;;0;;;0;0;0;;3;13;;29;0;5;15;0;89;0;1;0;;0;0;;0;1;9;171;8;
2 Jun.;;0;0;0;0;0;;0;0;;0;;0;0;13;;3;;4;0;0;;0;;;9;0;0;;4;70;;55;7;0;66;0;161;0;4;0;;0;0;;0;0;17;413;128;
3 Jun.;;0;0;0;0;0;;0;0;;0;;1;0;7;;0;;0;0;0;;0;;;0;0;0;;1;4;;27;11;1;30;0;38;0;0;0;;0;0;;0;1;3;124;12;
4 Jun.;;0;0;0;0;0;;0;0;;0;;0;0;0;;0;;1;0;0;;0;;;0;0;0;;1;0;;1;2;0;1;0;6;0;0;0;;0;0;;0;0;4;16;0;
5 Jun.;;1;0;0;0;1;;0;1;;0;;0;0;7;;0;;1;0;0;;1;;;3;1;0;;1;1;;7;8;0;47;0;19;0;2;0;;1;1;;0;0;35;138;7;
6 Jun.;;0;0;0;0;0;;0;1;;0;;0;0;1;;0;;0;0;0;;0;;;3;0;0;;3;1;;5;9;1;44;0;10;0;2;0;;0;3;;0;0;18;101;15;
7 Jun.;;0;0;0;0;0;;0;7;;0;;1;0;1;;1;;2;0;0;;0;;;1;1;0;;5;0;;12;18;0;113;0;30;0;2;0;;0;0;;0;1;54;249;2;
8 Jun.;;0;1;0;0;0;;1;10;;0;;0;0;6;;0;;5;1;0;;0;;;1;0;0;;5;0;;14;18;5;126;0;57;0;3;0;;0;0;;0;0;37;290;20;
9 Jun.;;0;1;0;0;0;;0;4;;0;;0;0;5;;0;;12;0;0;;0;;;8;0;0;;5;0;;22;16;0;93;0;36;0;3;0;;0;1;;0;1;41;248;20;
10 Jun.;;0;1;0;0;1;;0;7;;0;;1;0;1;;0;;3;0;0;;0;;;7;0;0;;6;0;;11;11;0;109;0;22;0;7;0;;1;1;;0;0;50;239;26;
11 Jun.;;0;1;0;0;0;;0;7;;0;;0;0;3;;1;;1;0;0;;0;;;2;0;0;;1;0;;4;13;0;109;0;14;0;3;0;;0;0;;0;0;36;195;23;
12 Jun.;;0;0;0;0;0;;1;9;;0;;1;0;2;;1;;0;0;0;;0;;;20;0;0;;3;0;;5;13;0;75;0;22;0;0;0;;0;0;;0;0;56;208;16;
13 Jun.;;0;0;0;0;0;;1;33;;0;;1;0;3;;6;;1;0;0;;0;;;42;0;0;;4;0;;5;14;1;63;0;44;0;1;0;;0;0;;0;0;48;267;71;
14 Jun.;;1;0;0;0;0;;0;14;;0;;1;0;5;;0;;0;0;0;;0;;;15;0;0;;5;0;;7;25;1;62;0;16;0;1;0;;0;0;;0;1;50;204;22;
15 Jun.;;0;0;0;0;0;;1;5;;0;;1;0;2;;0;;1;0;0;;0;;;3;0;0;;4;0;;17;13;1;73;0;34;0;0;0;;0;2;;0;0;57;214;79;
16 Jun.;;0;0;0;0;0;;1;1;;0;;0;0;1;;1;;1;0;0;;0;;;19;0;0;;3;0;;11;14;0;17;0;18;0;0;0;;0;0;;0;0;8;95;21;
17 Jun.;;0;0;0;0;0;;0;0;;0;;0;0;0;;0;;0;0;0;;0;;;0;0;0;;1;0;;1;5;0;4;0;7;0;1;0;;0;0;;0;0;1;20;7;
18 Jun.;;0;0;1;0;0;;0;6;;0;;0;0;1;;0;;0;0;0;;0;;;2;1;0;;2;0;;7;8;0;0;0;4;0;0;0;;0;0;;0;0;36;68;132;
19 Jun.;;0;0;0;0;0;;0;3;;0;;1;0;1;;0;;0;0;0;;0;;;10;0;0;;3;0;;29;6;1;27;0;9;0;1;0;;0;1;;0;1;9;102;160;
20 Jun.;;0;0;0;0;0;;1;12;;0;;2;0;4;;0;;1;0;0;;0;;;6;0;0;;7;0;;10;9;1;26;0;19;0;2;0;;0;3;;0;2;11;116;313;
21 Jun.;;0;0;0;0;1;;0;1;;0;;0;0;3;;0;;0;0;0;;0;;;2;0;0;;2;0;;3;5;1;8;0;5;0;1;0;;0;0;;0;0;6;38;63;
22 Jun.;;0;0;0;0;0;;0;0;;0;;0;0;0;;0;;0;0;0;;0;;;1;0;0;;7;0;;1;3;0;2;0;3;0;1;0;;0;0;;0;0;5;23;22;
23 Jun.;;0;0;0;0;0;;0;3;;0;;0;0;0;;0;;1;0;0;;0;;;0;0;0;;1;0;;1;5;0;9;0;1;0;0;0;;0;1;;0;0;5;27;9;
24 Jun.;;0;0;0;0;0;;0;6;;0;;0;0;1;;0;;0;0;0;;0;;;0;0;0;;3;0;;2;4;0;19;0;2;0;0;0;;0;0;;0;0;22;59;68;
25 Jun.;;0;0;0;0;0;;0;19;;0;;0;0;4;;1;;3;0;0;;0;;;1;1;0;;1;0;;0;7;0;71;0;0;0;1;0;;0;0;;0;0;24;133;70;
26 Jun.;;0;0;0;0;0;;1;9;;0;;0;0;7;;3;;0;0;0;;0;;;1;0;0;;5;0;;22;15;0;74;0;4;0;3;0;;1;0;;0;0;27;172;136;
27 Jun.;;0;0;0;0;0;;0;9;;0;;1;0;1;;0;;3;0;0;;0;;;1;0;0;;2;0;;1;3;0;11;0;1;0;0;0;;0;0;;0;0;3;36;57;
28 Jun.;;0;0;0;0;0;;1;8;;0;;0;0;1;;0;;1;0;0;;0;;;0;0;0;;4;0;;0;1;0;26;0;3;0;1;0;;1;1;;0;0;20;68;26;
29 Jun.;;0;0;0;0;0;;0;5;;0;;0;0;1;;0;;0;0;0;;0;;;0;0;0;;3;0;;0;6;0;14;0;1;0;0;0;;0;0;;0;0;9;39;20;
30 Jun.;;0;0;0;0;0;;0;29;;0;;0;0;1;;1;;1;0;0;;0;;;3;1;0;;5;0;;0;14;0;86;0;2;0;1;0;;1;1;;0;0;20;166;60;
1 Jul.;;0;1;0;0;0;;0;17;;0;;1;0;6;;13;;1;0;0;;0;;;1;0;0;;7;0;;2;9;0;51;0;3;0;0;0;;0;0;;0;0;12;124;74;
2 Jul.;;1;0;0;0;0;;0;20;;0;;4;0;3;;1;;1;0;0;;0;;;1;0;0;;3;0;;1;9;0;48;0;2;0;1;0;;0;1;;0;1;14;111;57;
3 Jul.;;0;0;0;0;0;;0;11;;0;;0;0;1;;1;;1;0;0;;0;;;0;0;0;;3;0;;1;8;0;40;0;1;0;0;0;;0;1;;0;0;20;88;27;
4 Jul.;;0;0;0;0;0;;0;24;;0;;0;0;1;;0;;1;0;0;;0;;;0;0;0;;9;0;;1;8;0;49;0;1;0;0;0;;0;0;;0;1;32;127;35;
5 Jul.;;0;0;0;0;0;;1;47;;0;;2;0;2;;0;;2;1;0;;0;;;1;1;0;;11;0;;4;16;0;51;0;9;0;0;0;;1;1;;0;1;26;177;240;
6 Jul.;;0;0;0;0;0;;0;5;;0;;0;0;0;;1;;0;0;0;;0;;;0;0;0;;3;0;;1;10;0;11;0;2;0;1;0;;0;1;;0;0;4;39;19;
7 Jul.;;0;0;0;0;0;;0;9;;0;;0;0;0;;1;;0;0;0;;0;;;2;0;0;;5;0;;1;6;1;12;0;6;0;0;0;;0;1;;0;0;16;60;12;
8 Jul.;;0;0;0;0;0;;0;13;;0;;0;0;0;;0;;0;1;0;;0;;;0;0;0;;5;0;;0;11;0;27;0;1;0;0;0;;0;1;;0;1;19;79;5;
9 Jul.;;0;0;0;0;0;;1;26;;0;;1;0;1;;0;;0;0;0;;0;;;0;0;0;;3;0;;0;7;0;68;0;1;0;0;0;;0;1;;0;0;16;125;41;
10 Jul.;;0;0;0;0;0;;0;9;;0;;0;0;0;;1;;0;0;0;;0;;;0;1;0;;3;0;;2;18;0;38;0;1;0;1;0;;0;0;;0;1;18;93;25;
11 Jul.;;0;0;0;0;0;;0;4;;0;;0;0;1;;3;;0;0;0;;0;;;1;0;0;;1;0;;0;3;0;14;0;1;0;1;0;;1;0;;0;0;13;43;53;
12 Jul.;;0;0;0;0;0;;0;7;;0;;0;0;0;;0;;1;0;0;;0;;;1;0;0;;2;0;;0;6;0;12;0;2;0;1;0;;0;1;;0;0;9;42;9;
13 Jul.;;0;0;0;0;0;;0;7;;0;;0;0;1;;0;;0;0;0;;0;;;2;0;0;;1;0;;1;1;0;2;0;0;0;0;0;;0;0;;0;0;14;29;1;
14 Jul.;;0;0;0;0;0;;0;0;;0;;0;0;0;;0;;0;0;0;;0;;;0;0;0;;0;0;;0;5;0;4;0;1;0;0;0;;0;1;;0;1;16;28;5;
15 Jul.;;0;0;0;0;0;;0;4;;0;;1;0;0;;0;;0;0;0;;0;;;0;0;0;;3;0;;1;4;0;13;0;0;0;0;0;;0;0;;0;0;14;40;8;
16 Jul.;;0;0;0;0;0;;0;22;;0;;0;0;1;;1;;0;0;0;;0;;;0;0;0;;3;0;;0;8;0;52;0;0;0;0;0;;0;0;;0;0;47;134;29;
17 Jul.;;0;0;0;0;0;;0;26;;0;;0;0;1;;0;;1;0;0;;0;;;0;0;0;;10;0;;1;16;0;46;0;1;0;0;0;;0;1;;0;1;77;181;52;
18 Jul.;;0;0;0;0;0;;1;22;;0;;1;0;0;;1;;0;0;0;;0;;;0;1;0;;9;0;;0;14;0;39;0;1;0;0;0;;0;0;;0;0;56;145;76;
19 Jul.;;0;0;0;0;0;;0;90;;0;;0;0;0;;1;;0;0;0;;0;;;1;1;0;;7;0;;1;16;0;43;0;2;0;0;0;;0;1;;0;0;131;294;200;
20 Jul.;;0;0;0;0;1;;0;22;;0;;0;0;2;;2;;2;0;0;;0;;;1;0;0;;8;0;;1;18;0;32;0;0;0;1;0;;0;1;;0;1;74;166;164;
21 Jul.;;0;0;0;0;0;;1;13;;0;;0;0;1;;3;;0;0;0;;0;;;1;0;0;;2;0;;0;9;0;24;0;1;0;0;0;;0;0;;0;0;57;112;167;
22 Jul.;;0;0;0;0;0;;0;9;;0;;1;0;0;;6;;1;0;0;;0;;;1;0;0;;5;0;;0;16;0;24;0;0;0;1;0;;1;0;;0;1;40;106;124;
23 Jul.;;0;0;0;0;0;;1;11;;0;;0;0;1;;2;;0;0;0;;0;;;3;0;0;;3;0;;2;15;0;13;0;1;0;1;0;;0;1;;0;0;18;72;68;
24 Jul.;;0;1;0;0;0;;0;39;;0;;0;0;0;;0;;0;0;0;;0;;;1;1;0;;4;0;;1;8;0;16;0;1;0;0;0;;1;0;;0;0;28;101;30;
25 Jul.;;0;0;0;0;0;;0;3;;0;;0;0;0;;0;;0;0;0;;0;;;0;0;0;;1;0;;1;5;0;0;0;0;0;0;0;;0;0;;0;1;16;27;18;
26 Jul.;;0;0;0;0;0;;1;0;;0;;0;0;0;;0;;0;0;0;;0;;;1;0;0;;4;0;;0;5;0;8;0;0;0;1;0;;1;1;;0;0;25;47;11;
27 Jul.;;0;0;0;0;0;;0;3;;0;;0;0;0;;1;;0;0;0;;0;;;0;0;0;;3;0;;0;4;0;5;0;0;0;0;0;;0;0;;0;1;21;38;27;
28 Jul.;;0;0;0;1;0;;0;1;;0;;1;0;0;;1;;0;0;0;;0;;;0;0;0;;1;0;;0;4;0;5;0;0;0;0;0;;0;0;;0;1;26;41;15;
29 Jul.;;0;0;0;0;0;;1;3;;0;;0;0;0;;7;;1;0;0;;0;;;1;0;0;;10;0;;1;1;0;11;0;1;0;0;0;;0;0;;0;0;28;65;66;
30 Jul.;;0;0;0;1;0;;0;3;;0;;0;0;1;;1;;1;0;0;;0;;;1;0;0;;3;0;;0;3;0;4;0;0;0;0;0;;0;0;;0;0;23;41;8;
31 Jul.;;0;0;0;0;0;;0;1;;0;;0;0;0;;0;;0;0;0;;0;;;0;0;0;;0;0;;0;0;0;0;0;0;0;0;0;;0;0;;0;1;1;3;3;
1  Ago.;;0;0;0;0;0;;1;0;;0;;1;0;0;;0;;0;0;0;;0;;;0;0;0;;1;0;;0;0;0;3;0;1;0;0;0;;0;0;;0;0;28;35;7;
2  Ago.;;0;0;0;0;0;;0;5;;0;;0;0;0;;1;;0;0;0;;0;;;1;1;0;;3;0;;0;7;0;7;0;1;0;0;0;;0;0;;0;0;21;47;14;
3  Ago.;;0;0;0;1;0;;1;4;;0;;0;0;0;;2;;1;0;0;;0;;;1;0;0;;5;0;;0;7;0;3;0;1;0;0;0;;0;1;;0;1;26;54;25;
4  Ago.;;0;0;0;0;0;;0;1;;0;;0;0;0;;1;;0;0;0;;0;;;0;0;0;;1;0;;0;3;0;2;0;0;0;0;0;;0;0;;0;0;18;26;7;
5  Ago.;;0;0;0;0;0;;0;3;;0;;0;0;1;;3;;0;0;0;;0;;;1;0;0;;7;0;;0;1;0;11;0;0;0;0;0;;0;0;;0;0;21;48;20;
6  Ago.;;0;0;0;0;0;;0;2;;0;;1;0;0;;0;;0;0;0;;0;;;1;0;0;;1;0;;0;1;0;3;0;0;0;0;0;;0;0;;0;0;15;24;11;
7  Ago.;;0;0;0;0;0;;0;1;;0;;0;0;0;;0;;0;0;0;;0;;;0;0;0;;2;0;;0;1;0;1;0;1;0;0;0;;0;0;;0;0;18;24;5;
8  Ago.;;0;0;0;0;0;;0;0;;0;;0;0;0;;0;;1;0;0;;0;;;0;1;0;;1;0;;0;2;0;1;0;0;0;0;0;;0;0;;0;0;11;17;3;
9  Ago.;;0;0;0;1;0;;0;1;;0;;1;0;9;;0;;2;0;0;;0;;;1;0;0;;4;0;;1;9;0;9;0;1;0;0;0;;1;0;;0;0;64;104;65;
10 Ago.;;0;0;0;1;0;;1;0;;0;;1;0;1;;5;;1;0;0;;0;;;0;0;0;;3;0;;0;7;0;7;0;1;0;0;0;;0;0;;0;0;70;98;53;
11 Ago.;;0;0;0;0;0;;0;1;;0;;0;0;0;;10;;1;0;0;;0;;;0;0;0;;9;0;;1;2;0;5;0;0;0;0;0;;1;0;;0;0;45;75;54;
12 Ago.;;0;0;0;0;0;;0;1;;0;;0;0;0;;7;;0;0;0;;0;;;1;1;0;;2;0;;1;5;0;2;0;3;0;0;0;;0;0;;0;3;45;71;26;
13 Ago.;;0;0;0;0;0;;0;1;;0;;1;0;0;;4;;1;0;0;;0;;;2;0;0;;5;0;;1;5;0;6;0;1;0;0;0;;0;0;;0;0;57;84;74;
14 Ago.;;0;0;0;0;0;;0;0;;0;;0;0;1;;4;;0;0;0;;0;;;1;1;0;;1;0;;1;5;0;4;0;1;0;0;0;;0;0;;0;0;33;52;30;
15 Ago.;;0;0;0;0;0;;0;1;;0;;0;0;0;;1;;1;0;0;;0;;;0;0;0;;1;0;;0;2;0;1;0;1;0;0;0;;0;0;;0;0;5;13;6;
16-ago;;;;;;;;;;;;;;;;;;;;;;;;;;;;;;;;;;;;;;;;;;;;;;;;;;;
17-ago;;;;;;;;;;;;;;;;;;;;;;;;;;;;;;;;;;;;;;;;;;;;;;;;;;;
18-ago;;;;;;;;;;;;;;;;;;;;;;;;;;;;;;;;;;;;;;;;;;;;;;;;;;;
19-ago;;;;;;;;;;;;;;;;;;;;;;;;;;;;;;;;;;;;;;;;;;;;;;;;;;;
20-ago;;;;;;;;;;;;;;;;;;;;;;;;;;;;;;;;;;;;;;;;;;;;;;;;;;;
21-ago;;;;;;;;;;;;;;;;;;;;;;;;;;;;;;;;;;;;;;;;;;;;;;;;;;;
22-ago;;;;;;;;;;;;;;;;;;;;;;;;;;;;;;;;;;;;;;;;;;;;;;;;;;;
23 Ago.;;0;0;0;0;0;;0;0;;0;;9;0;0;;1;;0;0;0;;0;;;0;1;0;;1;0;;0;1;0;3;0;0;0;0;0;;0;0;;0;0;26;42;6;
24 Ago.;;0;0;0;0;0;;0;1;;3;;5;0;0;;1;;0;0;0;;0;;;0;0;0;;5;0;;0;3;0;3;0;0;0;1;0;;1;0;;0;0;47;70;7;
25 Ago.;;0;0;0;1;0;;0;1;;2;;0;0;0;;5;;1;0;0;;0;;;0;0;0;;8;0;;0;3;0;3;0;0;0;0;0;;0;0;;0;0;47;71;24;
26 Ago.;;0;0;0;0;0;;0;1;;4;;1;0;0;;7;;1;0;0;;0;;;0;0;0;;13;0;;0;3;0;3;0;0;0;0;0;;0;0;;0;0;45;78;24;
27 Ago.;;0;0;0;0;0;;0;1;;1;;1;0;0;;2;;0;0;0;;0;;;0;0;0;;6;0;;0;3;0;2;0;0;0;0;0;;0;0;;0;0;39;55;8;
28 Ago.;;0;0;0;0;0;;0;1;;1;;0;0;0;;1;;1;0;0;;0;;;0;1;0;;13;0;;0;1;0;5;0;0;0;0;0;;0;0;;0;1;30;55;11;
29 Ago.;;0;0;0;0;0;;0;3;;0;;0;0;0;;1;;0;0;0;;0;;;0;1;0;;9;0;;0;3;0;8;0;0;0;0;0;;0;0;;0;1;30;56;17;
30 Ago.;;0;0;0;0;0;;0;0;;3;;0;0;1;;1;;0;0;0;;0;;;0;0;0;;10;0;;0;0;0;5;0;0;0;0;0;;0;0;;0;0;34;54;16;
31 Ago.;;0;0;0;0;0;;0;0;;1;;1;0;0;;3;;1;0;0;;0;;;0;5;0;;3;1;;0;0;0;7;0;0;0;0;0;;0;0;;0;0;49;71;0;
1   Sep.;;0;0;0;0;0;;0;0;;1;;0;0;0;;0;;0;0;0;;0;;;0;0;0;;0;0;;0;0;0;1;0;0;0;0;0;;0;0;;0;0;2;4;1;
2   Sep.;;0;0;0;0;0;;0;0;;0;;0;0;0;;1;;0;0;0;;0;;;0;0;0;;1;0;;0;0;0;1;0;0;0;0;0;;0;0;;0;0;2;5;0;
3   Sep.;;0;0;0;0;0;;0;0;;0;;0;0;0;;1;;0;0;0;;0;;;0;0;0;;3;0;;0;0;0;1;0;0;0;0;0;;0;0;;0;0;16;21;14;
4   Sep.;;0;0;0;3;0;;0;0;;1;;0;0;0;;5;;1;1;0;;0;;;0;0;0;;3;0;;0;0;0;3;0;0;0;0;0;;0;0;;0;1;14;32;82;
5   Sep.;;0;0;0;10;0;;0;0;;1;;0;0;0;;7;;0;0;0;;0;;;0;0;0;;9;0;;0;0;0;7;0;0;0;0;0;;0;0;;0;0;7;41;79;
6   Sep.;;0;0;0;4;0;;0;0;;1;;1;0;0;;17;;1;0;0;;0;;;0;2;0;;8;1;;0;1;0;5;0;0;0;0;0;;0;0;;0;0;3;44;105;
7   Sep.;;0;0;0;0;0;;0;0;;1;;2;0;1;;36;;1;0;0;;0;;;0;1;0;;7;1;;0;1;0;17;0;0;0;0;0;;0;0;;0;0;6;74;122;
8   Sep.;;0;0;0;0;0;;0;1;;2;;0;0;0;;5;;0;1;0;;0;;;0;0;0;;7;0;;0;1;0;4;0;0;0;0;0;;0;0;;0;1;7;29;35;
9   Sep.;;0;0;0;0;0;;0;0;;0;;1;0;2;;0;;0;0;0;;0;;;0;0;0;;0;0;;0;0;0;3;0;0;0;1;0;;0;0;;0;1;3;11;7;
10 Sep.;;0;0;0;1;0;;0;0;;0;;0;0;0;;0;;0;0;0;;0;;;0;0;0;;0;0;;0;1;0;2;0;0;0;0;0;;0;0;;0;0;3;7;15;
11 Sep.;;0;0;0;0;0;;0;1;;0;;0;0;0;;1;;0;0;0;;0;;;0;0;0;;1;0;;0;1;0;3;0;0;0;0;0;;0;0;;0;0;6;13;11;
12 Sep.;;0;0;0;3;0;;0;0;;0;;0;0;1;;4;;1;0;0;;0;;;0;1;0;;3;1;;0;1;0;5;0;0;0;0;0;;0;0;;0;0;4;24;43;
13 Sep.;;0;0;0;0;0;;0;0;;0;;0;0;0;;0;;0;0;0;;0;;;0;0;0;;1;0;;0;1;0;0;0;0;0;0;0;;0;0;;0;0;1;3;23;
14 Sep.;;0;0;0;0;0;;0;0;;1;;0;0;0;;0;;0;0;0;;0;;;0;0;0;;2;1;;0;1;0;1;0;0;0;0;0;;0;0;;0;0;1;7;21;
15 Sep.;;0;0;0;0;0;;0;0;;0;;0;0;0;;0;;0;0;0;;0;;;0;0;0;;0;0;;0;0;0;0;0;0;0;0;0;;0;0;;0;0;0;0;0;
16 Sep.;;0;0;0;0;0;;0;0;;0;;0;0;0;;1;;0;0;0;;0;;;0;0;0;;7;0;;0;1;0;0;0;0;0;0;0;;0;0;;0;0;1;10;3;
17 Sep.;;0;0;0;0;0;;0;0;;0;;0;0;1;;0;;1;0;0;;0;;;0;0;0;;3;0;;2;0;0;1;0;0;0;0;0;;1;0;;0;0;4;13;22;
18 Sep.;;0;0;0;0;0;;0;0;;0;;0;0;0;;1;;0;0;0;;0;;;0;0;0;;2;0;;1;1;0;1;0;0;0;0;0;;0;0;;0;0;2;8;1;
19 Sep.;;0;0;0;0;0;;0;0;;0;;0;0;1;;0;;0;0;0;;0;;;0;0;0;;1;0;;1;0;0;0;0;1;0;0;0;;0;0;;0;0;1;5;1;
20 Sep.;;0;0;0;0;0;;0;0;;0;;0;0;1;;0;;0;0;0;;0;;;0;0;0;;0;0;;0;0;0;0;0;0;0;0;0;;0;0;;0;0;0;1;0;
21 Sep.;;0;0;0;0;0;;0;0;;0;;0;0;1;;0;;0;0;0;;0;;;0;0;0;;2;0;;0;0;0;0;0;0;0;0;0;;0;0;;0;0;1;4;4;
22 Sep.;;0;0;0;0;0;;0;0;;0;;0;0;0;;1;;0;0;0;;0;;;0;1;0;;2;0;;0;0;0;0;0;0;0;0;0;;0;0;;0;0;1;5;4;
23 Sep.;;0;0;0;0;0;;0;0;;0;;0;0;0;;0;;0;0;0;;0;;;0;1;0;;1;0;;0;0;0;0;0;1;0;0;0;;0;0;;0;0;2;5;18;
24 Sep.;;0;0;0;1;0;;0;0;;3;;0;0;7;;1;;1;0;0;;0;;;0;1;0;;3;0;;0;0;0;1;0;0;0;0;0;;0;0;;0;0;1;19;10;
25 Sep.;;0;0;0;1;0;;0;0;;1;;1;0;1;;0;;0;0;0;;0;;;0;0;0;;2;0;;0;0;0;0;0;0;0;0;0;;1;0;;0;0;1;8;13;
26 Sep.;;0;0;0;0;0;;0;0;;0;;0;0;1;;0;;0;0;0;;0;;;0;1;0;;3;0;;0;0;0;1;0;0;0;0;0;;0;0;;0;0;1;7;11;
27 Sep.;;0;0;0;0;0;;0;0;;1;;0;0;0;;1;;1;0;0;;0;;;0;1;0;;4;0;;0;1;0;0;0;0;0;0;0;;0;0;;0;0;3;12;3;
28 Sep.;;0;0;0;0;0;;0;0;;2;;0;0;1;;0;;0;0;0;;0;;;0;5;0;;1;0;;1;1;0;1;0;1;0;0;0;;0;0;;0;0;2;15;5;
29 Sep.;;0;0;0;0;0;;0;0;;2;;0;0;1;;1;;0;0;0;;0;;;0;0;0;;1;0;;1;1;0;0;0;0;0;0;0;;0;0;;0;0;0;7;1;
30 Sep.;;0;0;0;0;0;;0;0;;3;;0;0;1;;0;;1;0;0;;0;;;0;0;0;;2;0;;0;1;0;0;0;0;0;0;0;;0;0;;0;0;3;11;16;
1   Oct.;;0;0;0;0;0;;0;0;;1;;0;0;0;;0;;0;0;0;;0;;;0;0;0;;1;0;;0;1;0;0;0;0;0;0;0;;0;0;;0;0;3;6;9;
2   Oct.;;0;0;0;0;0;;0;0;;1;;0;0;5;;0;;0;0;0;;0;;;0;1;0;;3;0;;0;1;0;6;0;0;0;0;0;;0;0;;0;0;1;18;37;
3   Oct.;;0;0;0;0;0;;0;0;;0;;0;0;1;;1;;0;0;0;;0;;;0;0;0;;2;0;;0;0;0;0;0;1;0;0;0;;0;0;;0;0;1;6;1;
4   Oct.;;0;0;0;0;0;;0;0;;1;;0;0;5;;0;;0;0;0;;0;;;0;1;0;;2;0;;0;0;0;1;0;1;0;1;0;;0;0;;0;0;1;13;0;
5   Oct.;;0;0;0;0;0;;0;0;;0;;0;0;7;;0;;0;0;0;;0;;;0;1;0;;1;0;;0;1;0;0;0;1;0;0;0;;0;0;;0;0;1;12;0;
6   Oct.;;0;0;0;0;0;;0;0;;1;;0;0;0;;0;;0;0;0;;0;;;0;0;0;;3;0;;0;0;0;1;0;0;0;0;0;;0;0;;0;0;2;7;0;
7   Oct.;;0;0;0;0;0;;0;0;;1;;0;0;1;;0;;0;0;0;;0;;;0;1;0;;1;0;;0;0;0;1;0;0;0;0;0;;0;0;;0;0;1;6;10;
8   Oct.;;0;0;0;0;0;;0;0;;1;;0;0;0;;0;;0;0;0;;0;;;0;0;0;;2;0;;0;0;0;0;0;0;0;0;0;;0;0;;0;0;1;4;0;
9   Oct.;;0;0;0;0;0;;0;0;;0;;0;0;1;;0;;0;0;0;;0;;;0;1;0;;0;0;;0;1;0;1;0;1;0;0;0;;0;0;;0;0;1;6;5;
10 Oct.;;0;0;0;0;0;;0;0;;0;;0;0;0;;0;;0;0;0;;0;;;0;1;0;;0;0;;0;0;0;0;0;0;0;0;0;;0;0;;0;0;0;1;2;
11 Oct.;;0;0;0;1;0;;0;0;;1;;0;0;1;;0;;0;0;0;;0;;;0;0;0;;1;0;;0;1;0;0;0;0;0;0;0;;0;0;;0;0;0;5;1;
12 Oct.;;0;0;0;0;0;;0;0;;0;;0;0;0;;0;;0;0;0;;0;;;0;0;0;;3;0;;1;0;0;0;0;0;0;0;0;;0;1;;0;0;1;6;3;
13 Oct.;;0;0;0;0;0;;0;0;;1;;0;0;0;;1;;0;0;0;;0;;;0;3;0;;1;0;;0;0;0;0;0;0;0;0;0;;0;0;;0;0;2;8;6;
14 Oct.;;0;0;0;0;0;;0;0;;1;;0;0;11;;1;;0;0;0;;0;;;0;0;0;;3;0;;0;1;0;0;0;1;0;0;0;;0;0;;0;0;1;19;7;
15 Oct.;;0;0;0;0;0;;0;0;;1;;0;0;9;;0;;0;0;0;;0;;;0;0;0;;3;0;;0;0;0;1;0;1;0;0;0;;0;0;;0;0;1;16;7;
16 Oct.;;0;0;0;0;0;;0;0;;1;;1;0;26;;0;;0;0;0;;0;;;0;1;0;;3;0;;0;1;0;0;0;1;0;0;0;;0;0;;0;0;0;34;15;
17 Oct.;;0;0;0;0;0;;0;0;;0;;0;0;8;;0;;0;0;0;;0;;;0;1;0;;0;0;;0;0;0;0;0;0;0;0;0;;0;0;;0;0;0;9;1;
18 Oct.;;0;0;0;0;0;;0;0;;0;;1;0;23;;0;;0;0;0;;0;;;0;1;0;;3;0;;0;0;0;1;0;0;0;0;0;;0;0;;0;0;2;31;9;
19 Oct.;;0;0;0;1;0;;0;0;;2;;1;0;92;;1;;1;0;0;;0;;;0;3;0;;2;0;;0;0;0;0;0;0;0;0;0;;0;0;;0;0;1;104;32;
20 Oct.;;0;0;0;0;0;;0;0;;1;;0;0;49;;0;;0;0;0;;0;;;0;1;0;;6;0;;0;0;0;0;0;1;0;0;0;;0;0;;0;1;4;63;50;
21 Oct.;;0;0;0;0;0;;0;0;;1;;0;0;1;;0;;0;0;0;;0;;;0;1;0;;2;0;;0;0;0;0;0;0;0;0;0;;0;0;;0;0;1;6;2;
22 Oct.;;0;0;0;0;0;;0;0;;1;;0;0;1;;0;;0;0;0;;0;;;0;0;0;;1;0;;0;0;0;1;0;0;0;0;0;;0;0;;0;0;0;4;0;
23 Oct.;;0;0;0;0;0;;0;0;;1;;0;0;0;;0;;0;0;0;;0;;;0;0;0;;0;0;;0;0;0;0;0;0;0;0;0;;0;0;;0;0;0;1;3;
24 Oct.;;0;0;0;0;0;;0;0;;0;;0;0;10;;0;;0;0;0;;0;;;0;0;0;;0;0;;0;1;0;0;0;0;0;0;0;;0;0;;0;0;1;12;4;
25 Oct.;;0;0;0;0;0;;0;0;;1;;0;0;2;;0;;0;0;0;;0;;;0;1;0;;1;0;;0;0;0;0;0;0;0;0;0;;0;0;;0;0;1;6;1;
26 Oct.;;0;0;0;0;0;;0;0;;1;;0;0;0;;0;;0;0;0;;0;;;0;0;0;;1;0;;0;0;0;0;0;0;0;0;0;;0;0;;0;0;0;2;1;
27 Oct.;;0;0;0;3;0;;0;0;;1;;0;0;3;;0;;0;0;0;;0;;;0;0;0;;1;0;;0;0;0;0;0;0;0;0;0;;0;0;;0;0;0;8;2;
28 Oct.;;0;0;0;0;0;;0;0;;0;;0;0;0;;0;;0;0;0;;0;;;0;0;0;;0;0;;0;0;0;0;0;0;0;0;0;;0;0;;0;0;0;0;0;
29 Oct.;;0;0;0;0;0;;0;0;;0;;0;0;0;;0;;0;0;0;;0;;;0;0;0;;0;0;;0;0;0;0;0;0;0;0;0;;0;0;;0;0;0;0;0;
30 Oct.;;0;0;0;0;0;;0;0;;0;;0;0;0;;0;;0;0;0;;0;;;0;0;0;;0;0;;0;0;0;0;0;0;0;0;0;;0;0;;0;0;0;0;0;
31 Oct.;;0;0;0;0;0;;0;0;;0;;0;0;0;;0;;0;0;0;;0;;;0;0;0;;0;0;;0;0;0;0;0;0;0;0;0;;0;0;;0;0;0;0;0;
1   Nov.;;0;0;0;0;0;;0;0;;0;;0;0;2;;0;;0;0;0;;0;;;0;0;0;;0;0;;0;0;0;0;0;0;0;0;0;;0;0;;0;0;0;2;1;
2   Nov.;;0;0;0;0;0;;0;0;;5;;0;0;5;;0;;1;0;0;;0;;;0;0;0;;4;0;;0;0;0;0;0;1;0;0;0;;0;0;;0;0;1;17;2;
3   Nov.;;0;0;0;0;0;;0;0;;0;;0;0;1;;0;;0;0;0;;0;;;0;0;0;;1;0;;0;0;0;0;0;0;0;0;0;;0;0;;0;0;0;2;0;
4   Nov.;;0;0;0;0;0;;0;0;;0;;0;0;3;;0;;0;0;0;;0;;;0;0;0;;0;0;;0;0;0;0;0;0;0;0;0;;0;0;;0;0;0;3;0;
5   Nov.;;0;0;0;0;0;;0;0;;0;;0;0;0;;0;;0;0;0;;0;;;0;0;0;;0;0;;0;0;0;0;0;0;0;0;0;;0;0;;0;0;0;0;1;
6   Nov.;;0;0;0;0;0;;0;0;;1;;0;0;0;;0;;0;0;0;;0;;;0;0;0;;0;0;;0;0;0;0;0;0;0;0;0;;0;0;;0;0;0;1;0;
7   Nov.;;0;0;0;0;0;;0;0;;0;;0;0;1;;0;;0;0;0;;0;;;0;0;0;;1;0;;0;0;0;0;0;0;0;0;0;;0;0;;0;0;0;2;0;
8   Nov.;;0;0;0;0;0;;0;0;;2;;0;0;0;;0;;0;0;0;;0;;;0;1;0;;0;0;;0;0;0;0;0;1;0;0;0;;0;0;;0;0;1;5;1;
9   Nov.;;0;0;0;0;0;;0;0;;1;;0;0;1;;0;;0;0;0;;0;;;0;0;0;;0;0;;0;0;0;0;0;0;0;0;0;;0;0;;0;0;0;2;1;
10 Nov.;;0;0;0;0;0;;0;0;;0;;0;0;0;;0;;0;0;0;;0;;;0;0;0;;1;0;;0;0;0;0;0;0;0;0;0;;0;0;;0;0;0;1;0;
11 Nov.;;0;0;0;0;0;;0;0;;0;;0;0;0;;0;;0;0;0;;0;;;0;1;0;;1;0;;0;0;0;0;0;0;0;0;0;;1;0;;0;0;0;3;0;
12 Nov.;;0;0;0;0;0;;0;0;;1;;0;0;1;;0;;0;0;0;;0;;;0;0;0;;1;0;;0;0;0;0;0;1;0;0;0;;0;0;;0;0;0;4;1;
13 Nov.;;0;0;0;0;0;;0;0;;0;;0;0;2;;0;;0;0;0;;0;;;0;0;0;;3;0;;0;0;0;0;0;0;0;0;0;;0;0;;0;0;0;5;1;
14 Nov.;;0;0;0;0;0;;0;0;;0;;0;0;7;;0;;0;0;0;;0;;;0;0;0;;0;0;;0;0;0;0;0;0;0;0;0;;0;0;;0;0;0;7;0;
15 Nov.;;0;0;0;0;0;;0;0;;0;;0;0;0;;0;;0;0;0;;0;;;0;0;0;;1;0;;0;0;0;0;0;0;0;0;0;;0;0;;0;0;0;1;1;
16 Nov.;;0;0;0;0;0;;0;0;;1;;0;0;0;;0;;0;0;0;;0;;;0;0;0;;0;0;;0;0;0;0;0;1;0;0;0;;0;0;;0;0;0;2;1;
17 Nov.;;0;0;0;0;0;;0;0;;0;;0;0;0;;0;;0;0;0;;0;;;0;0;0;;0;0;;0;0;0;0;0;0;0;0;0;;0;0;;0;0;0;0;1;
18 Nov.;;0;0;0;0;0;;0;0;;0;;0;0;0;;0;;0;0;0;;0;;;0;1;0;;1;0;;0;0;0;0;0;0;0;0;0;;0;0;;0;0;1;3;1;
19 Nov.;;0;0;0;5;0;;0;0;;1;;0;0;5;;1;;0;0;0;;0;;;0;0;0;;2;0;;0;0;0;0;0;0;0;0;0;;0;0;;0;0;0;14;6;
20 Nov.;;0;0;0;2;0;;0;0;;0;;0;0;5;;0;;0;0;0;;0;;;0;0;0;;0;0;;0;1;0;0;0;0;0;0;0;;0;0;;0;0;0;8;3;
21 Nov.;;0;0;0;0;0;;0;0;;0;;0;0;1;;0;;0;0;0;;0;;;0;0;0;;0;0;;0;0;0;0;0;0;0;0;0;;0;0;;0;0;0;1;0;
22 Nov.;;0;0;0;0;0;;0;0;;0;;0;0;0;;0;;0;0;0;;0;;;0;0;0;;1;0;;0;0;0;0;0;0;0;0;0;;0;0;;0;0;0;1;1;
23 Nov.;;0;0;0;0;0;;0;0;;0;;0;0;0;;0;;0;0;0;;0;;;0;0;0;;0;0;;0;0;0;0;0;0;0;0;0;;0;0;;0;0;0;0;0;
24 Nov.;;0;0;0;0;0;;0;0;;0;;0;0;0;;0;;0;0;0;;0;;;0;0;0;;1;0;;0;0;0;0;0;0;0;0;0;;0;0;;0;0;1;2;0;
25 Nov.;;0;0;0;0;0;;0;0;;0;;0;0;0;;0;;0;0;0;;0;;;0;0;0;;0;0;;0;0;0;0;0;0;0;0;0;;0;0;;0;0;0;0;0;
26 Nov.;;0;0;0;0;0;;0;0;;0;;0;0;0;;0;;0;0;0;;0;;;0;0;0;;0;0;;0;0;0;0;0;0;0;0;0;;0;0;;0;0;0;0;0;
27 Nov.;;0;0;0;0;0;;0;0;;0;;0;0;0;;0;;0;0;0;;0;;;0;0;0;;1;0;;0;0;0;0;0;0;0;0;0;;0;0;;0;0;0;1;0;
28 Nov.;;0;0;0;0;0;;0;0;;0;;0;0;0;;0;;0;0;0;;0;;;0;0;0;;0;0;;0;0;0;0;0;0;0;0;0;;0;0;;0;0;0;0;1;
29 Nov.;;0;0;0;0;0;;0;0;;0;;0;0;0;;0;;0;0;0;;0;;;0;0;0;;0;0;;0;0;0;0;0;0;0;0;0;;0;0;;0;0;0;0;0;
30 Nov.;;0;0;0;0;0;;0;0;;0;;0;0;0;;0;;0;0;0;;0;;;0;0;0;;1;0;;0;0;0;1;0;0;0;0;0;;0;0;;0;0;1;3;0;
1   Dic.;;0;0;0;0;0;;0;0;;0;;0;0;0;;0;;0;0;0;;0;;;0;0;0;;0;0;;0;0;0;0;0;0;0;0;0;;0;0;;0;0;0;0;0;
2   Dic.;;0;0;0;0;0;;0;0;;0;;0;0;0;;0;;0;0;0;;0;;;0;0;0;;0;0;;0;0;0;0;0;0;0;0;0;;0;0;;0;0;0;0;0;
3   Dic.;;0;0;0;0;0;;0;0;;1;;0;0;3;;0;;0;0;0;;0;;;0;0;0;;1;0;;0;0;0;0;0;0;0;0;0;;0;0;;0;0;0;5;0;
4   Dic.;;0;0;0;0;0;;0;0;;0;;0;0;1;;0;;0;0;0;;0;;;0;0;0;;0;0;;0;0;0;0;0;0;0;0;0;;0;0;;0;0;0;1;0;
5   Dic.;;0;0;0;0;0;;0;0;;0;;0;0;0;;0;;0;0;0;;0;;;0;0;0;;0;0;;0;0;0;0;0;0;0;0;0;;0;0;;0;0;0;0;0;
6   Dic.;;0;0;0;0;0;;0;0;;0;;0;0;5;;0;;0;0;0;;0;;;0;0;0;;0;0;;0;0;0;0;0;0;0;0;0;;0;0;;0;0;0;5;0;
7   Dic.;;0;0;0;0;0;;0;0;;0;;0;0;3;;0;;0;0;0;;0;;;0;0;0;;1;0;;0;0;0;0;0;0;0;0;0;;0;0;;0;0;0;4;0;
8   Dic.;;0;0;0;0;0;;0;0;;0;;0;0;18;;0;;0;0;0;;0;;;0;0;0;;0;0;;1;0;0;0;0;0;0;0;0;;0;0;;0;0;0;19;0;
9   Dic.;;0;0;0;0;0;;0;0;;0;;0;0;0;;0;;0;0;0;;0;;;0;0;0;;0;0;;0;0;0;0;0;0;0;0;0;;0;0;;0;0;0;0;0;
10 Dic.;;0;0;0;0;0;;0;0;;0;;0;0;0;;0;;0;0;0;;0;;;0;0;0;;1;0;;0;0;0;0;0;1;0;0;0;;0;0;;0;0;0;2;0;
11 Dic.;;0;0;0;0;0;;0;0;;0;;0;0;0;;0;;0;0;0;;0;;;0;0;0;;0;0;;0;0;0;0;0;0;0;0;0;;0;0;;0;0;0;0;0;
12 Dic.;;0;0;0;0;0;;0;0;;0;;0;0;4;;0;;0;0;0;;0;;;0;0;0;;0;0;;0;0;0;0;0;0;0;0;0;;0;0;;0;0;0;4;0;
13 Dic.;;0;0;0;0;0;;0;0;;0;;0;0;7;;0;;0;0;0;;0;;;0;0;0;;1;0;;0;0;0;0;0;0;0;0;0;;0;0;;0;0;1;9;0;
14 Dic.;;0;0;0;0;0;;0;0;;0;;0;0;0;;0;;0;0;0;;0;;;0;0;0;;4;0;;0;0;0;2;0;0;0;0;0;;0;0;;0;0;0;6;0;
15 Dic.;;0;0;0;0;0;;0;0;;0;;0;0;0;;0;;0;0;0;;0;;;0;0;0;;3;0;;0;0;0;0;0;0;0;0;0;;0;0;;0;0;0;3;0;
16 Dic.;;0;0;0;0;0;;0;0;;0;;0;0;0;;0;;0;0;0;;0;;;0;0;0;;2;0;;0;0;0;1;0;0;0;0;0;;0;0;;0;0;1;4;0;
17 Dic.;;0;0;0;0;0;;0;0;;0;;0;0;0;;0;;0;0;0;;0;;;0;0;0;;0;0;;0;0;0;0;0;0;0;0;0;;0;0;;0;0;0;0;0;
18 Dic.;;0;0;0;0;0;;0;0;;0;;0;0;0;;0;;0;0;0;;0;;;0;0;0;;0;0;;0;0;0;0;0;0;0;0;0;;0;0;;0;0;0;0;0;
19 Dic.;;0;0;0;0;0;;0;0;;0;;0;0;0;;0;;0;0;0;;0;;;0;0;0;;0;0;;0;0;0;0;0;0;0;0;0;;0;0;;0;0;0;0;0;
20 Dic.;;0;0;0;0;0;;0;0;;0;;0;0;0;;0;;0;0;0;;0;;;0;0;0;;1;0;;0;0;0;0;0;0;0;0;0;;0;0;;0;0;0;1;0;
21 Dic.;;0;0;0;0;0;;0;0;;0;;0;0;0;;0;;0;0;0;;0;;;0;0;0;;1;0;;0;0;0;0;0;0;0;0;0;;0;0;;0;0;0;1;1;
22 Dic.;;0;0;0;0;0;;0;0;;0;;0;0;5;;0;;0;0;0;;0;;;0;0;0;;1;0;;0;0;0;0;0;0;0;0;0;;0;0;;0;0;0;6;0;
23 Dic.;;0;0;0;0;0;;0;0;;0;;0;0;4;;0;;0;0;0;;0;;;0;0;0;;1;0;;0;0;0;0;0;0;0;0;0;;0;0;;0;0;0;5;0;
24 Dic.;;0;0;0;0;0;;0;0;;0;;0;0;1;;0;;0;0;0;;0;;;0;0;0;;0;0;;0;0;0;0;0;0;0;0;0;;0;0;;0;0;0;1;0;
25 Dic.;;0;0;0;0;0;;0;0;;0;;0;0;1;;0;;0;0;1;;0;;;0;0;0;;0;0;;0;0;0;0;0;0;0;0;0;;0;0;;0;0;0;2;0;
26 Dic.;;0;0;0;0;0;;0;0;;0;;0;0;1;;0;;0;0;0;;0;;;0;0;0;;1;0;;0;0;0;0;0;0;0;0;0;;0;0;;0;0;0;2;0;
27 Dic.;;0;0;0;0;0;;0;0;;0;;0;1;98;;0;;0;0;5;;0;;;0;1;0;;1;0;;0;0;0;1;0;0;0;0;0;;0;0;;0;0;0;107;0;
28 Dic.;;0;0;0;0;0;;0;0;;0;;0;5;87;;0;;0;0;5;;0;;;0;0;0;;2;0;;1;0;0;0;0;0;0;0;0;;0;0;;0;0;1;101;0;
29 Dic.;;0;0;0;0;0;;0;0;;0;;0;0;4;;1;;0;0;0;;0;;;0;0;0;;0;0;;0;0;0;0;0;0;0;0;0;;0;0;;0;0;0;5;0;
30 Dic.;;0;0;1;0;0;;0;0;;0;;0;10;29;;0;;0;0;0;;0;;;0;0;0;;1;0;;0;0;0;1;0;0;0;0;0;;0;0;;0;0;1;43;0;
31 Dic.;;0;0;1;0;0;;0;0;;0;;0;5;37;;0;;0;0;0;;0;;;0;0;0;;1;0;;0;0;0;0;0;0;0;0;0;;0;0;;0;0;1;45;1;
1-ene;;;;;;;;;;;;;;;;;;;;;;;;;;;;;;;;;;;;;;;;;;;;;;;;;;;
2-ene;;;;;;;;;;;;;;;;;;;;;;;;;;;;;;;;;;;;;;;;;;;;;;;;;;;
